﻿{
    "background": {
        "alpha": 100,
        "enable": false,
        "height": 70,
        "image": "gui/maps/bg.png",
        "width": 200,
        "x": -30,
        "y": 440
    },
    "colors": [
        {
            "color": "#FE0E00",
            "type": "WN8",
            "value": 0
        },
        {
            "color": "#FE7903",
            "type": "WN8",
            "value": 380
        },
        {
            "color": "#F8F400",
            "type": "WN8",
            "value": 860
        },
        {
            "color": "#60FF00",
            "type": "WN8",
            "value": 1420
        },
        {
            "color": "#02C9B3",
            "type": "WN8",
            "value": 2105
        },
        {
            "color": "#D042F3",
            "type": "WN8",
            "value": 2770
        },
        {
            "color": "#FE0E00",
            "type": "EFF",
            "value": 0
        },
        {
            "color": "#FE7903",
            "type": "EFF",
            "value": 615
        },
        {
            "color": "#F8F400",
            "type": "EFF",
            "value": 870
        },
        {
            "color": "#60FF00",
            "type": "EFF",
            "value": 1175
        },
        {
            "color": "#02C9B3",
            "type": "EFF",
            "value": 1525
        },
        {
            "color": "#D042F3",
            "type": "EFF",
            "value": 1850
        },
        {
            "color": "#FE0E00",
            "type": "XWN8",
            "value": 0
        },
        {
            "color": "#FE7903",
            "type": "XWN8",
            "value": 16.5
        },
        {
            "color": "#F8F400",
            "type": "XWN8",
            "value": 33.5
        },
        {
            "color": "#60FF00",
            "type": "XWN8",
            "value": 52.5
        },
        {
            "color": "#02C9B3",
            "type": "XWN8",
            "value": 75.5
        },
        {
            "color": "#D042F3",
            "type": "XWN8",
            "value": 92.5
        },
        {
            "color": "#FE0E00",
            "type": "XEFF",
            "value": 0
        },
        {
            "color": "#FE7903",
            "type": "XEFF",
            "value": 16.5
        },
        {
            "color": "#F8F400",
            "type": "XEFF",
            "value": 33.5
        },
        {
            "color": "#60FF00",
            "type": "XEFF",
            "value": 52.5
        },
        {
            "color": "#02C9B3",
            "type": "XEFF",
            "value": 75.5
        },
        {
            "color": "#D042F3",
            "type": "XEFF",
            "value": 92.5
        },
        {
            "color": "#FE0E00",
            "type": "COEF",
            "value": 0.6
        },
        {
            "color": "#FE7903",
            "type": "COEF",
            "value": 0.8
        },
        {
            "color": "#F8F400",
            "type": "COEF",
            "value": 1.0
        },
        {
            "color": "#60FF00",
            "type": "COEF",
            "value": 1.3
        },
        {
            "color": "#02C9B3",
            "type": "COEF",
            "value": 2.0
        },
        {
            "color": "#D042F3",
            "type": "COEF",
            "value": 15
        },
        {
            "color": "#FE0E00",
            "type": "DIFF",
            "value": 500
        },
        {
            "color": "#FE7903",
            "type": "DIFF",
            "value": 750
        },
        {
            "color": "#F8F400",
            "type": "DIFF",
            "value": 1000
        },
        {
            "color": "#60FF00",
            "type": "DIFF",
            "value": 1800
        },
        {
            "color": "#02C9B3",
            "type": "DIFF",
            "value": 2500
        },
        {
            "color": "#D042F3",
            "type": "DIFF",
            "value": 9999
        },
        {
            "color": "#FFFFFF",
            "type": "AVGDAMAGE",
            "value": "less"
        },
        {
            "color": "#60FF00",
            "type": "AVGDAMAGE",
            "value": "more"
        }
    ],
    "settings": {
        "dragEnable": true,
        "enable": true,
        "hotKeyEnable": "KEY_LALT and KEY_1",
        "reloadKey": "KEY_LALT and KEY_2"
    },
    "shadow": {
        "alpha": 100,
        "angle": 90,
        "color": "#000000",
        "distance": 0,
        "enable": true,
        "size": 2,
        "strength": 200
    },
    "text": {
        "alignX": "left",
        "alignY": "top",
        "enable": true,
        "format": "<textformat tabstops='[80]'><font color='#bdbdbd' size='15' face='$IMELanguageBar'>WN8: <font color='{colorWN8}'>{WN8}</font><tab>EFF: <font color='{colorEFF}'>{EFF}</font></font></textformat>",
        "x": 10.0,
        "y": 18.0
    }
}