
{

	// Состояние модификации по умолчанию (включено/выключено)
	// Параметр устанавливает полное состояние модификации
	// во время запуска игрового клиента World of Tanks

	// "status": false,

	"status": true,

	// Параметр устанавливает клавишу включения/отключения
	// модификации во время игры (параметр сохраняется)
	// Ниже расположены значения для данного параметра

	// "button": "KEY_CODE", - где CODE значение клавиши

	"button": "KEY_F3",

	// Параметр устанавливает возможность включения/отключения
	// при нажатии первоначальной клавиши в связке со второй
	// Ниже расположены значения для данного параметра

	// "double": "KEY_CODE", - где CODE значение клавиши
	
	"double": false,

	// Параметр устанавливает значение уведомления пульса
	// во время нажатия клавиш активации и деактивации
	// Ниже расположены значения для данного параметра

	// "status": false,

	"notice": true,

	// Чувствительность удаления рядом расположенных отметок
	// при обнаружении нового разрушения в заданном интервале

	"length": 25,

	// Чувствительность удаления рядом расположенных отметок
	// при появлении техники противника в квадрате разрушения

	"founds": 40,

	// Параметр отображает направление разрушенного (поваленного)
	// игрового объекта на миникарте в виде стрелки направления
	// Ниже расположены значения для данного параметра

	// "status": true,

	"guides": true,


	// Модуль фильтрации ложных отметок (разрушений) за квадратом
	// отрисовки игровой техники (союзников и противников)

	"square":

		{

			// Состояние модуля по умолчанию (включено/выключено)
			// Ниже расположены значения для данного параметра

			// "status": false,

			"status": true,

			// Чувствительность удаления рядом расположенных отметок
			// при появлении техники за пределами квадрата отрисовки

			"filter": 70

		},


	// Модуль фильтрации устаревших отметок (разрушений) при
	// нахождении техники союзников или противника в диапазоне

	"motion":

		{

			// Состояние модуля по умолчанию (включено/выключено)
			// Ниже расположены значения для данного параметра

			// "status": false,

			"status": true,

			// Чувствительность удаления рядом расположенных отметок
			// при появлении техники в данном квадрате расположения

			"filter": 25

		},


	// Модуль отображения напоминаний разрушений при удержании ALT
	
	"remind":
	
		{
		
			// Состояние модуля по умолчанию (включено/выключено)
			// Ниже расположены значения для данного параметра

			// "status": {"all": false, "spg": true},
		
			"status": true,
			
			// Интервал удаления всех отметок, индикаторов и маркеров
			// по истечению заданного интервала времени во время боя
			
			"delete": 90
		
		},


	// Модуль отображения отметок (разрушений) на миникарте

	"points":

		{

			// Состояние модуля по умолчанию (включено/выключено)
			// Ниже расположены значения для данного параметра

			// "status": {"all": true, "spg": true},

			"status": true,
			
			// Параметр устанавливает клавишу включения/отключения
			// данного модуля во время игры (параметр сохраняется)
			// Ниже расположены значения для данного параметра

			// "button": "KEY_CODE", - где CODE значение клавиши
			
			"button": false,
			
			// Параметр устанавливает возможность включения/отключения
			// при нажатии первоначальной клавиши в связке со второй
			// Ниже расположены значения для данного параметра

			// "double": "KEY_CODE", - где CODE значение клавиши
			
			"double": false,

			// Параметр устанавливает квадрат действия отображения
			// разрушений на миникарте в заданном диапазоне (метры)
			// Ниже расположены значения для данного параметра

			// "square": {"min": 100, "max": 900},

			"square": 900,

			// Параметр устанавливает максимальное количество
			// отображаемых элементов интерфейса данного модуля

			"string": 25,

			// Параметр устанавливает метод вызова для отображения

			"values": "init",

			// Параметр устанавливает вариант отображения модуля
			// при разрушении в игровом мире сломанных объектов
			// Ниже расположены значения для данного параметра

			// "marker": ["backgroundMarker"]

			// При выставлении маркера из выше указанного параметра
			// значение пульсации автоматически отключается из-за
			// ограничения установленное игрой в данном виде маркера

			"marker": ["player","postmortem"]

		},


	// Модуль отображения анимационной пульсации на миникарте

	"pulses":

		{

			// Состояние модуля по умолчанию (включено/выключено)
			// Ниже расположены значения для данного параметра

			// "status": {"all": true, "spg": true},

			"status": true,

			// Параметр устанавливает клавишу включения/отключения
			// данного модуля во время игры (параметр сохраняется)
			// Ниже расположены значения для данного параметра

			// "button": "KEY_CODE", - где CODE значение клавиши

			"button": false,

			// Параметр устанавливает возможность включения/отключения
			// при нажатии первоначальной клавиши в связке со второй
			// Ниже расположены значения для данного параметра

			// "double": "KEY_CODE", - где CODE значение клавиши

			"double": false,

			// Параметр устанавливает квадрат действия отображения
			// разрушений на миникарте в заданном диапазоне (метры)
			// Ниже расположены значения для данного параметра

			// "square": {"min": 100, "max": 900},

			"square": 900,

			// Параметр устанавливает вариант отображения модуля
			// при разрушении в игровом мире сломанных объектов
			// Ниже расположены значения для данного параметра

			// "values": "firstEnemy",
			// "values": "attack",
			// "values": "attackSPG",
			// "values": "attackSenderSPG",
			// "values": "follow_me",
			// "values": "reloading_gun",
			// "values": "negative",
			// "values": "positive",
			// "values": "stop",
			// "values": "help_me",
			// "values": "help_me_ex",
			// "values": "turn_back",

			"values": "enemySPG",

			// Параметр позволяет настроить задержку исполнения
			// кода выбранного модуля при разрушении (секунды)

			"timing": 2

		},

	// Модуль звукового оповещения при разрушении объектов

	"sounds":

		{

			// Состояние модуля по умолчанию (включено/выключено)
			// Ниже расположены значения для данного параметра

			// "status": {"all": true, "spg": true},

			"status": false,

			// Параметр устанавливает клавишу включения/отключения
			// данного модуля во время игры (параметр сохраняется)
			// Ниже расположены значения для данного параметра

			// "button": "KEY_CODE", - где CODE значение клавиши

			"button": false,

			// Параметр устанавливает возможность включения/отключения
			// при нажатии первоначальной клавиши в связке со второй
			// Ниже расположены значения для данного параметра

			// "double": "KEY_CODE", - где CODE значение клавиши

			"double": false,

			// Параметр устанавливает квадрат действия отображения
			// разрушений на миникарте в заданном диапазоне (метры)
			// Ниже расположены значения для данного параметра

			// "square": {"min": 100, "max": 900},

			"square": 900,

			// Параметр устанавливает вариант отображения модуля
			// при разрушении в игровом мире сломанных объектов
			// Ниже расположены значения для данного параметра

			// "values": "chat_shortcut_common_fx",
			// "values": "enemy_sighted_for_team",
			// "values": "gun_reloaded",
			// "values": "sight_convergence",

			"values": "gun_intuition",

			// Параметр позволяет настроить задержку исполнения
			// кода выбранного модуля при разрушении (секунды)

			"timing": 2

		},


	// Модуль отображения маркеров направления при разрушении

	"marker":

		{

			// Состояние модуля по умолчанию (включено/выключено)
			// Ниже расположены значения для данного параметра

			// "status": true,

			"status": true,

			// Параметр устанавливает клавишу включения/отключения
			// данного модуля во время игры (параметр сохраняется)
			// Ниже расположены значения для данного параметра

			// "button": "KEY_CODE", - где CODE значение клавиши

			"button": false,

			// Параметр устанавливает возможность включения/отключения
			// при нажатии первоначальной клавиши в связке со второй
			// Ниже расположены значения для данного параметра

			// "double": "KEY_CODE", - где CODE значение клавиши

			"double": false,

			// Параметр устанавливает квадрат действия отображения
			// разрушений на миникарте в заданном диапазоне (метры)
			// Ниже расположены значения для данного параметра

			// "square": {"min": 100, "max": 900},

			"square": 900,

			// Параметр устанавливает максимальное количество
			// отображаемых элементов интерфейса данного модуля

			"string": 10,

			// Параметр устанавливает вариант отображения модуля
			// при разрушении в игровом мире сломанных объектов
			// Ниже расположены значения для данного параметра

			// "values": "arrow",

			"values": "arrow",

			// Параметр устанавливает вариант отображения надписи
			// от местоположения нашего танка до разрушенного объекта
			// Ниже расположены значения для данного параметра

			// "styles": 2,

			"styles": 1,

			// Параметр устанавливает дистанцию автоматического
			// затухания маркеров индикатора при приближении

			// При использовании "style" 2, необходимо выставить

			// "smalls": 0,
			// "larges": 0,

			// При использовании "style" 1, необходимо выставить
			// минимальное и максимальное значение на ваш выбор 

			"smalls": 40,
			"larges": 60,

			// Параметр устанавливает относительную точку положения
			// индикаторов маркеров относительно самого разрушения

			"header":

				{

					"x": 0,
					"y": 0,
					"z": 5

				}

		},


	// Модуль отображения индикаторов направления при разрушении

	"direct":

		{

			// Состояние модуля по умолчанию (включено/выключено)
			// Ниже расположены значения для данного параметра

			// "status": false,

			"status": false,

			// Параметр устанавливает клавишу включения/отключения
			// данного модуля во время игры (параметр сохраняется)
			// Ниже расположены значения для данного параметра

			// "button": "KEY_CODE", - где CODE значение клавиши

			"button": false,

			// Параметр устанавливает возможность включения/отключения
			// при нажатии первоначальной клавиши в связке со второй
			// Ниже расположены значения для данного параметра

			// "double": "KEY_CODE", - где CODE значение клавиши

			"double": false,

			// Параметр устанавливает квадрат действия отображения
			// разрушений на миникарте в заданном диапазоне (метры)
			// Ниже расположены значения для данного параметра

			// "square": {"min": 100, "max": 900},

			"square": 900,

			// Параметр устанавливает максимальное количество
			// отображаемых элементов интерфейса данного модуля

			"string": 10,

			// Параметр устанавливает вариант отображения модуля
			// при разрушении в игровом мире сломанных объектов
			// Ниже расположены значения для данного параметра

			// "values": "red",
			// "values": "purple",

			"values": "purple",

			// Параметр устанавливает вариант отображения надписи
			// от местоположения нашего танка до разрушенного объекта
			// Ниже расположены значения для данного параметра

			// "styles": 0,
			// "styles": 2,

			"styles": 1

		},


	// Интервал удаления всех отметок, индикаторов и маркеров
	// по истечению заданного интервала времени во время боя

	"delete": 15,

	// Интервал автоматического обновления данных всех разрушений

	"repeat": 0.1

}
