﻿{
    "rentgen": {
	    "enabled": true,
        "colors_rentgen": [1, 1, 0, 0.5],          // цвет постоянной обводки противника в RGBA
		"colors_enemy": [0.511, 0.472, 0.992, 1],  // цвет при наведении на противника в RGBA
		"colors_friend": [0.411, 0.772, 0.492, 1], // цвет при наведении на союзника в RGBA
		"hotKeyEnabled": "KEY_LCONTROL" // включение, выключение rentgen в бою, для сочетания пишем "and" 
    }
}
/**
KEY_NONE, KEY_MOUSE0, KEY_MOUSE1, KEY_MOUSE2, KEY_MOUSE3, KEY_MOUSE4, KEY_MOUSE5, KEY_MOUSE6, KEY_MOUSE7,
KEY_A, KEY_B, KEY_C, KEY_D, KEY_E, KEY_F, KEY_G, KEY_H, KEY_I, KEY_J, KEY_K, KEY_L, KEY_M, KEY_N, KEY_O,
KEY_P, KEY_Q, KEY_R, KEY_S, KEY_T, KEY_U, KEY_V, KEY_W, KEY_X, KEY_Y, KEY_Z, KEY_0, KEY_1, KEY_2, KEY_3,
KEY_4, KEY_5, KEY_6, KEY_7, KEY_8, KEY_9, KEY_NUMPAD0, KEY_NUMPAD1, KEY_NUMPAD2, KEY_NUMPAD3, KEY_NUMPAD4,
KEY_NUMPAD5, KEY_NUMPAD6, KEY_NUMPAD7, KEY_NUMPAD8, KEY_NUMPAD9, KEY_NUMPADSTAR, KEY_ADD, KEY_NUMPADENTER,
KEY_NUMPADMINUS, KEY_NUMPADPERIOD, KEY_NUMPADSLASH, KEY_F1, KEY_F2, KEY_F3, KEY_F4, KEY_F5, KEY_F6, KEY_F7,
KEY_F8, KEY_F9, KEY_F10, KEY_F11, KEY_F12, KEY_F13, KEY_F14, KEY_F15, KEY_BACKSPACE, KEY_TAB, KEY_RETURN,
KEY_RSHIFT, KEY_LSHIFT, KEY_RCONTROL, KEY_LCONTROL, KEY_RALT, KEY_LALT, KEY_PAUSE, KEY_CAPSLOCK, KEY_ESCAPE,
KEY_SPACE, KEY_PGUP, KEY_PGDN, KEY_END, KEY_HOME, KEY_LEFTARROW, KEY_UPARROW, KEY_RIGHTARROW, KEY_DOWNARROW,
KEY_INSERT, KEY_DELETE, KEY_NUMLOCK, KEY_SCROLL, KEY_SEMICOLON, KEY_EQUALS, KEY_COMMA, KEY_MINUS, KEY_PERIOD,
KEY_SLASH, KEY_LBRACKET, KEY_BACKSLASH, KEY_RBRACKET, KEY_APOSTROPHE, KEY_AX, KEY_OEM_102
**/