﻿{
    "repair_priority": {
        "AT-SPG": {
            "crew": [
                "loader",
                "gunner",
                "commander",
                "driver"
            ],
            "device": [
                "ammoBay",
                "gun",
                "engine",
                "turretRotator"
            ]
        },
        "SPG": {
            "crew": [
                "commander",
                "loader",
                "gunner",
                "driver"
            ],
            "device": [
                "ammoBay",
                "engine",
                "gun",
                "turretRotator"
            ]
        },
        "heavyTank": {
            "crew": [
                "commander",
                "loader",
                "gunner",
                "driver"
            ],
            "device": [
                "turretRotator",
                "ammoBay",
                "engine",
                "gun"
            ]
        },
        "lightTank": {
            "crew": [
                "driver",
                "commander",
                "gunner",
                "loader"
            ],
            "device": [
                "engine",
                "chassis",
                "ammoBay",
                "gun",
                "turretRotator"
            ]
        },
        "mediumTank": {
            "crew": [
                "loader",
                "driver",
                "commander",
                "gunner"
            ],
            "device": [
                "turretRotator",
                "engine",
                "ammoBay",
                "gun"
            ]
        }
    }
}