<?xml version="1.0"?>
<root>
	<useHitMessage>True</useHitMessage><!-- вкл/выкл сообщения в центре -->
	<fromCenter>True</fromCenter><!-- (True)/(False) положение относительно (центра экрана)/(левого верхнего угла экрана) -->
	<hitMessageText>ПОПАДАНИЕ</hitMessageText><!-- отображаемое при попадании сообщение -->
	<hitMessageColour>255 222 0 255</hitMessageColour><!-- цветовой код отображаемого при попадании сообщения в формате RGBA -->
	<hitMessagePosition>270 -35 1</hitMessagePosition><!-- положение сообщения отображаемого при попадании -->
	<hitMessageDelay>3</hitMessageDelay><!-- время отображения сообщения о попадании в секундах -->
	<hitMessageFont>big</hitMessageFont><!-- размер шрифта сообщения о попадании big/medium/small-->
		
	<useSystemMessage>False</useSystemMessage><!-- вкл/выкл сообщение в нижней части экрана -->
	<systemMessageColor>purple</systemMessageColor><!-- цвет сообщения в нижней части экрана : purple, gold, red, green, ... -->

	<counter>True</counter><!-- вкл/выкл счетчик попаданий -->
	<sound>True</sound><!-- вкл/выкл звуковое оповещение при попадании -->
	<soundType>1</soundType><!-- вариант звукового оповещения при попадании: 1 или 2 -->
</root>